第1集 | 爱不一定要用语言表达出来的 请备好纸巾！作文：我的外婆 #外婆的家
记得小学时写了一篇关于外婆的作文，名字叫《一双来自1916年的手》…如今，怕我心疼她，一摸手她就收回去。
#我爱满堂彩 《外婆的澎湖湾》经典再现，满满都是回忆！7月10晚9点#央视综艺 不见不散！
虽然只是个小学生的一篇作文，但真的很感人……
宝宝的好外婆，我的好妈妈❤️#外婆
姐姐写的作文《我的外婆》《我的外公》#抖音小助手 #军属家庭
从小就是外婆带大的，写作文，写到的都是外婆，我说外婆几句，他就会护着外婆。有没有同款儿子的，有的话，点个赞👍
姐姐写的作文《外婆我想对您说》欢迎大家来点评，写得不好希望大家见谅#军娃日常 #抖音小助手 @特战精英
记得上学时候，考试写作文我都是一个开头，中间是歌词周杰伦的外婆，再结个尾，作文分数都不低。😛🤓
#作文素材 #手帐素材 #文字控 #优质 #我爱学习 #千玺
外婆85岁生日快乐
神童作文《外婆的电话》#育儿 #宝妈 #双十ー双十ー
谨以这篇娃娃的作文纪念他的太太，我的外婆！祝愿老人天堂一切安好！
这么轻松的文字，真的很让人怀念#轻松带你飞 #高中 #作文 #致青春 #外婆 @抖音小助手
分享作文，三年级上册写的《我的外婆》
外婆每周星期天都会去苍溪，回家都会给我妈妈买馍馍，今天沾了妈妈的光，外婆给我买了两个糖葫芦，妈妈的爱永远都在❤
从小最心疼外公外婆，五年级写了篇关于外公的作文被老师拿到班上朗读，如今30岁的我不禁感叹人一辈子到底为了什么？
臭美一下，哈哈😄60岁的年龄，30岁的心！
记得小学时写了一篇关于外婆的作文，名字叫《一双来自1916年的手》…如今，怕我心疼她，一摸手就收回去#不让拍了
#搭上邮轮去旅行
儿子长大了，拿着礼物来看外婆啦
外婆祝你幸福，六一儿童节快乐🎉🎉🎈🎈💞💞
哈哈哈有意思！中秋快乐
女儿在讲中考作文写的是外婆
宝宝们的作文
@李雨霏2007 @外婆👵 @一个李同学 #卡点 #推我上热门 #时间的托付  雨霏，期待那天我能写那篇作文
外婆为了大外甥女写篇作文，够拼的，满满的爱。已经第三遍了，在不🔥，我要发8遍，不相信可以翻前面的视频
学做视频，还做不好，有点好笑……哈哈
中原创绘本领读人王老师为平阳、苍南3-12岁小朋友讲述《外婆家的马》，分享中国特有的亲情表达方式。#隔代教育
#生活在隔代教养空间里的马 下午，温州文博会2号馆王老师带来原创绘本《外婆家的马》，诠释真挚、质朴的祖孙情感。
裤扣子也欺我，差点纸甲没了但见儿子写的这篇作文时原来在写善良的外婆虽走了但永活孩子我们心中，一下我沉默了。
#搭上邮轮去旅行
快60岁的人脑子里装的都是玩，玩，玩👉我怎么就想不起来要感慨点什么呢？是没文化还是没心没肺呢？😂😂😂
宝贝和外婆又过了一个轻松、愉快的周末，回家啰💕🤟
看吧，我妈妈打麻将的事情都被我女儿当成作文写，说她外婆麻将瘾大，实在是不想说了，女儿说的句句在理
友友们晚上好。我太难了！又失眠了！这样下去，我的作文又要出来好几条了[大哭][大哭]
不到10岁的你上了7年的学，上了7年的封闭式学校，你的作文里每个人物写的都是外婆，你说妈妈我把最重要的人第一排
这作文瘆得慌，幸好外婆不识字!
明天宝贝就到外婆家去上学了，还有一篇作文几天了都写不出来，她说:爸爸妈妈都离婚了，哪里有幸福一家人？瞬间心酸
表姐当外婆了，我也沾光荣升姨嘎嘎了，开心乐呵乐呵一下！😀😀
可能只有我一个笨猪作文只剩半个小时差点写不完了吧#2020国考 一路回家直到看到外婆的一瞬间才笑
笑的有点过了😊难得休闲一下😂
外婆家的小院
外婆为了大外甥女写篇作文，够拼的，满满的爱，能让我妈妈火一把吗？第二遍了，不信可以翻
这花纹像外婆家的花棉被，小时候特别暖
全能外婆给我女儿修改作文中👍👍👍
外公外婆在忙年，这个可怜的孩子还在背作文，完成寒假作业，辛苦💦
为什么【沙盘作文】这么神奇？因为沙盘里面有姥爷家的大黄狗，也有外婆的歌谣；有爷爷的小溪垂钓，也有奶奶的爆米花；
为了大外甥女写篇作文，外婆拼了，满满的爱
孩子今天在作文中写道，妈妈是奶奶的好儿媳，外婆的好女儿，爸爸的好妻子，我们的好妈妈，其实我都不知道自己好在哪里
突然听闻外婆家里的小黑🐶给车轧死了，可怜我的小情人那个伤心💔啊，一边流泪一边写作文，说要留个纪念
翻开我家丫头二年级的作文；虽然写的不是很完美,但是已湿润了我的双眼#😂
已经0：46了，幸亏早上带半个馒头……一天的量都靠她了………知足者常乐！！！
爸爸妈妈上班去了，弟弟只能和外婆家里玩了
我可爱的外甥和侄女，暑假去我爸妈家呆了几天帮外公外婆掰玉米，打核桃，忙得不亦乐乎，外甥还写了一篇打核桃的作文
涉歩在翡翠湖边，下面是盐地⋯
我外甥写的作文！医学说近亲不能结婚，我爸娶了我外婆的亲女儿（我舅的亲姐），够亲吧！不也好好的，我就纳闷了！
老师布置作文写动物，这小子大清早要我带他回太外婆家来观察狗狗 ，玩在现在问他观察如何 还没观察够啊!还!他还说
我是北金鹰外婆家炉鱼形象代言人……
今天去外婆家和表弟表妹一起玩，超级开心😁😁
六一你好祝小葡萄所有小朋友节日快乐哈哈
300多公里的路程足足走了十多个时间，路上有惊无险，随处塌方可见。就在这里休息两天，犒劳犒劳自己吧！
儿子对家乡的定位是外公外婆家，爷爷奶奶爸爸也从没出现在他的作文和图画中，心疼我缺爱却没有长歪的两个宝贝儿👍
外婆让你要碰人家，人家自己能作文，我要一个人玩，别来打扰
五一带这妞到超市走走，还有到外婆家，还有在家里写作文。✌✌五一快乐
#教资教资 去年押题有很多大题和选择题压中，一次过了笔试！今年新的来了，考前冲刺临时抱佛脚的，需要的找我！
俺外婆家作文的话超好看
苹果树上的外婆婆，小学生作文起步，夏洛的网，我要做好孩子，节日饼干，如果我遇到一条龙，